Ferrari05801.jpg,0
Ferrari05821.jpg,0
Ferrari05841.jpg,0
Ferrari05861.jpg,0
Ferrari05881.jpg,0
Ferrari06241.jpg,0
Ferrari06261.jpg,0
Ferrari06301.jpg,0
Ferrari06321.jpg,0
Ferrari06341.jpg,0
Ferrari06361.jpg,0
Ferrari06381.jpg,0
Ferrari06401.jpg,0
Ferrari06421.jpg,0
Ferrari06441.jpg,0
Ferrari06461.jpg,0
Ferrari06621.jpg,0
Ferrari06641.jpg,0
Ferrari06661.jpg,0
Ferrari06681.jpg,0
Ferrari06701.jpg,0
Ferrari06721.jpg,0
Ferrari06741.jpg,0
Ferrari06761.jpg,0
Ferrari06801.jpg,0
Ferrari06861.jpg,0
Ferrari06881.jpg,0
Ferrari06901.jpg,0
McLaren00001.jpg,1
McLaren00041.jpg,1
McLaren00121.jpg,1
McLaren00221.jpg,1
McLaren00261.jpg,1
McLaren00361.jpg,1
McLaren00521.jpg,1
McLaren00661.jpg,1
McLaren01201.jpg,1
McLaren01221.jpg,1
McLaren01241.jpg,1
McLaren01261.jpg,1
McLaren01281.jpg,1
McLaren01301.jpg,1
McLaren01321.jpg,1
McLaren01341.jpg,1
McLaren01361.jpg,1
McLaren01381.jpg,1
McLaren01561.jpg,1
McLaren01601.jpg,1
McLaren01621.jpg,1
McLaren01641.jpg,1
McLaren01681.jpg,1
McLaren02221.jpg,1
McLaren02261.jpg,1
McLaren02281.jpg,1
McLaren02301.jpg,1
McLaren02321.jpg,1
McLaren02341.jpg,1
McLaren02381.jpg,1
McLaren02401.jpg,1
McLaren02461.jpg,1
McLaren02481.jpg,1
McLaren02501.jpg,1
McLaren02521.jpg,1
McLaren02541.jpg,1
McLaren02561.jpg,1
McLaren02581.jpg,1
McLaren02601.jpg,1
McLaren02621.jpg,1
McLaren02641.jpg,1
McLaren02661.jpg,1
McLaren02681.jpg,1
McLaren02941.jpg,1
McLaren03181.jpg,1
McLaren03221.jpg,1
McLaren03261.jpg,1
McLaren03281.jpg,1
McLaren03941.jpg,1
McLaren03961.jpg,1
McLaren03981.jpg,1
McLaren04021.jpg,1
McLaren04041.jpg,1
McLaren04061.jpg,1
McLaren04081.jpg,1
McLaren04101.jpg,1
McLaren04121.jpg,1
McLaren04141.jpg,1
McLaren04161.jpg,1
McLaren04561.jpg,1
McLaren04641.jpg,1
McLaren04701.jpg,1
McLaren04741.jpg,1
McLaren04781.jpg,1
McLaren04941.jpg,1
McLaren05481.jpg,1
McLaren05501.jpg,1
McLaren05521.jpg,1
McLaren05561.jpg,1
McLaren05601.jpg,1
Mercedes02821.jpg,2
Mercedes02841.jpg,2
Mercedes03001.jpg,2
Mercedes03021.jpg,2
Mercedes03041.jpg,2
Mercedes03521.jpg,2
Mercedes03541.jpg,2
Mercedes03561.jpg,2
Mercedes03601.jpg,2
Mercedes03641.jpg,2
Mercedes03921.jpg,2
Mercedes03941.jpg,2
Mercedes03961.jpg,2
Mercedes03981.jpg,2
Mercedes04001.jpg,2
Mercedes04021.jpg,2
Mercedes04041.jpg,2
Mercedes04061.jpg,2
Mercedes04181.jpg,2
Mercedes04201.jpg,2
Mercedes04221.jpg,2
Mercedes04261.jpg,2
Mercedes04281.jpg,2
Mercedes04301.jpg,2
Mercedes04321.jpg,2
Mercedes04341.jpg,2
Mercedes04361.jpg,2
Mercedes04541.jpg,2
Mercedes04561.jpg,2
Mercedes04581.jpg,2
Mercedes04601.jpg,2
Mercedes04621.jpg,2
Mercedes04641.jpg,2
Mercedes04661.jpg,2
Mercedes04681.jpg,2
Mercedes04701.jpg,2
Mercedes05041.jpg,2
Mercedes05081.jpg,2
Mercedes05101.jpg,2
Mercedes05121.jpg,2
Mercedes05181.jpg,2
Mercedes05201.jpg,2
Mercedes05221.jpg,2
Mercedes05241.jpg,2
Mercedes05261.jpg,2
Mercedes05281.jpg,2
Mercedes05301.jpg,2
Mercedes06001.jpg,2
Mercedes06021.jpg,2
Mercedes06041.jpg,2
Mercedes06061.jpg,2
Mercedes06081.jpg,2
Mercedes06101.jpg,2
Mercedes06121.jpg,2
Mercedes06141.jpg,2
Mercedes06161.jpg,2
Mercedes06181.jpg,2
Mercedes06201.jpg,2
Mercedes06461.jpg,2
Mercedes06481.jpg,2
Mercedes06501.jpg,2
Mercedes06521.jpg,2
Mercedes06541.jpg,2
Mercedes06561.jpg,2
Mercedes06581.jpg,2
Mercedes06601.jpg,2
Mercedes06621.jpg,2
Mercedes06641.jpg,2
Mercedes06661.jpg,2
Mercedes07021.jpg,2
RedBull00001.jpg,3
RedBull00041.jpg,3
RedBull00101.jpg,3
RedBull00181.jpg,3
RedBull00201.jpg,3
RedBull00261.jpg,3
RedBull00281.jpg,3
RedBull00301.jpg,3
RedBull00321.jpg,3
RedBull00341.jpg,3
RedBull00361.jpg,3
RedBull00381.jpg,3
RedBull00401.jpg,3
RedBull00421.jpg,3
RedBull00441.jpg,3
RedBull00461.jpg,3
RedBull00481.jpg,3
RedBull00501.jpg,3
RedBull00521.jpg,3
RedBull00541.jpg,3
RedBull00561.jpg,3
RedBull00581.jpg,3
RedBull00741.jpg,3
RedBull00821.jpg,3
RedBull00841.jpg,3
RedBull00861.jpg,3
RedBull01341.jpg,3
RedBull01361.jpg,3
RedBull01401.jpg,3
RedBull01441.jpg,3
RedBull01461.jpg,3
RedBull01501.jpg,3
RedBull01521.jpg,3
RedBull01801.jpg,3
RedBull01861.jpg,3
RedBull01941.jpg,3
RedBull02021.jpg,3
RedBull02181.jpg,3
RedBull02341.jpg,3
RedBull02381.jpg,3
RedBull02401.jpg,3
RedBull02421.jpg,3
RedBull02441.jpg,3
RedBull02461.jpg,3
RedBull02481.jpg,3
RedBull02501.jpg,3
RedBull02521.jpg,3
RedBull02541.jpg,3
RedBull02581.jpg,3
RedBull02721.jpg,3
RedBull02841.jpg,3
RedBull02861.jpg,3
RedBull02921.jpg,3
RedBull02941.jpg,3
RedBull03061.jpg,3
RedBull03141.jpg,3
RedBull03281.jpg,3
RedBull03521.jpg,3
RedBull03601.jpg,3
RedBull04881.jpg,3
RedBull04981.jpg,3
RedBull05081.jpg,3
RedBull05121.jpg,3
RedBull05141.jpg,3
RedBull05161.jpg,3
RedBull05181.jpg,3
RedBull05341.jpg,3
RedBull06261.jpg,3
RedBull06321.jpg,3
RedBull06341.jpg,3
Ferrari03141.jpg,0
Ferrari03181.jpg,0
Ferrari03201.jpg,0
Ferrari03221.jpg,0
Ferrari03421.jpg,0
Ferrari03681.jpg,0
Ferrari03801.jpg,0
Ferrari04361.jpg,0
Ferrari04381.jpg,0
Ferrari04401.jpg,0
Ferrari04421.jpg,0
Ferrari04441.jpg,0
Ferrari04461.jpg,0
Ferrari04481.jpg,0
Ferrari04501.jpg,0
Ferrari04521.jpg,0
Ferrari04541.jpg,0
Ferrari04561.jpg,0
Ferrari04581.jpg,0
Ferrari04601.jpg,0
Ferrari04621.jpg,0
Ferrari04641.jpg,0
Ferrari04661.jpg,0
Ferrari04681.jpg,0
Ferrari04781.jpg,0
Ferrari04821.jpg,0
Ferrari04841.jpg,0
Ferrari04861.jpg,0
Ferrari04921.jpg,0
Ferrari04941.jpg,0
Ferrari04961.jpg,0
Ferrari04981.jpg,0
Ferrari05001.jpg,0
Ferrari05021.jpg,0
Ferrari05041.jpg,0
Ferrari05061.jpg,0
Ferrari05081.jpg,0
Ferrari05101.jpg,0
Ferrari05721.jpg,0
Ferrari05741.jpg,0
Ferrari05761.jpg,0
Ferrari05781.jpg,0
